-- ============================================================
-- SEED DATA — Generic demo data for development
-- Run this after schema.sql and rls_policies.sql
-- ============================================================

-- Organizations
insert into public.organizations (id, name, slug, status) values
  ('a0000000-0000-0000-0000-000000000001', 'Acme Corp', 'acme-corp', 'active'),
  ('a0000000-0000-0000-0000-000000000002', 'Globex Industries', 'globex-industries', 'active'),
  ('a0000000-0000-0000-0000-000000000003', 'Initech Solutions', 'initech-solutions', 'inactive');

-- Business Units
insert into public.business_units (id, organization_id, name, slug, type, status) values
  ('b0000000-0000-0000-0000-000000000001', 'a0000000-0000-0000-0000-000000000001', 'Acme Retail', 'acme-retail', 'brand', 'active'),
  ('b0000000-0000-0000-0000-000000000002', 'a0000000-0000-0000-0000-000000000001', 'Acme Wholesale', 'acme-wholesale', 'division', 'active'),
  ('b0000000-0000-0000-0000-000000000003', 'a0000000-0000-0000-0000-000000000002', 'Globex Digital', 'globex-digital', 'brand', 'active');

-- Departments
insert into public.departments (id, organization_id, name, slug, description, status) values
  ('d0000000-0000-0000-0000-000000000001', 'a0000000-0000-0000-0000-000000000001', 'Marketing', 'marketing', 'Central marketing team', 'active'),
  ('d0000000-0000-0000-0000-000000000002', 'a0000000-0000-0000-0000-000000000001', 'E-commerce', 'e-commerce', 'Online store operations', 'active'),
  ('d0000000-0000-0000-0000-000000000003', 'a0000000-0000-0000-0000-000000000002', 'Growth', 'growth', 'Growth and acquisition team', 'active');

-- Channels
insert into public.channels (id, name, slug, type, status) values
  ('c0000000-0000-0000-0000-000000000001', 'Google Ads', 'google-ads', 'search', 'active'),
  ('c0000000-0000-0000-0000-000000000002', 'Meta Ads', 'meta-ads', 'social', 'active'),
  ('c0000000-0000-0000-0000-000000000003', 'LinkedIn Ads', 'linkedin-ads', 'social', 'active'),
  ('c0000000-0000-0000-0000-000000000004', 'TikTok Ads', 'tiktok-ads', 'social', 'active');

-- Ad Accounts
insert into public.ad_accounts (id, organization_id, business_unit_id, department_id, channel_id, name, external_account_id, currency, timezone, status) values
  ('e0000000-0000-0000-0000-000000000001', 'a0000000-0000-0000-0000-000000000001', 'b0000000-0000-0000-0000-000000000001', 'd0000000-0000-0000-0000-000000000001', 'c0000000-0000-0000-0000-000000000001', 'Acme Retail - Google', '123-456-7890', 'EUR', 'Europe/Brussels', 'active'),
  ('e0000000-0000-0000-0000-000000000002', 'a0000000-0000-0000-0000-000000000001', 'b0000000-0000-0000-0000-000000000001', 'd0000000-0000-0000-0000-000000000001', 'c0000000-0000-0000-0000-000000000002', 'Acme Retail - Meta', 'act_111222333', 'EUR', 'Europe/Brussels', 'active'),
  ('e0000000-0000-0000-0000-000000000003', 'a0000000-0000-0000-0000-000000000001', 'b0000000-0000-0000-0000-000000000002', 'd0000000-0000-0000-0000-000000000002', 'c0000000-0000-0000-0000-000000000001', 'Acme Wholesale - Google', '234-567-8901', 'EUR', 'Europe/Brussels', 'active'),
  ('e0000000-0000-0000-0000-000000000004', 'a0000000-0000-0000-0000-000000000002', 'b0000000-0000-0000-0000-000000000003', 'd0000000-0000-0000-0000-000000000003', 'c0000000-0000-0000-0000-000000000002', 'Globex Digital - Meta', 'act_444555666', 'EUR', 'Europe/Amsterdam', 'active'),
  ('e0000000-0000-0000-0000-000000000005', 'a0000000-0000-0000-0000-000000000002', null, null, 'c0000000-0000-0000-0000-000000000003', 'Globex - LinkedIn', 'act_789012345', 'EUR', 'Europe/Amsterdam', 'paused');

-- Campaigns
insert into public.campaigns (id, ad_account_id, organization_id, business_unit_id, department_id, name, external_campaign_id, objective, status, start_date, end_date) values
  ('f0000000-0000-0000-0000-000000000001', 'e0000000-0000-0000-0000-000000000001', 'a0000000-0000-0000-0000-000000000001', 'b0000000-0000-0000-0000-000000000001', 'd0000000-0000-0000-0000-000000000001', 'Brand Awareness Q1', 'gads_camp_001', 'awareness', 'active', '2025-01-01', '2025-03-31'),
  ('f0000000-0000-0000-0000-000000000002', 'e0000000-0000-0000-0000-000000000001', 'a0000000-0000-0000-0000-000000000001', 'b0000000-0000-0000-0000-000000000001', 'd0000000-0000-0000-0000-000000000001', 'Product Launch Search', 'gads_camp_002', 'conversions', 'active', '2025-02-01', null),
  ('f0000000-0000-0000-0000-000000000003', 'e0000000-0000-0000-0000-000000000002', 'a0000000-0000-0000-0000-000000000001', 'b0000000-0000-0000-0000-000000000001', 'd0000000-0000-0000-0000-000000000001', 'Retargeting - Meta', 'meta_camp_001', 'conversions', 'active', '2025-01-15', null),
  ('f0000000-0000-0000-0000-000000000004', 'e0000000-0000-0000-0000-000000000003', 'a0000000-0000-0000-0000-000000000001', 'b0000000-0000-0000-0000-000000000002', 'd0000000-0000-0000-0000-000000000002', 'Wholesale Leads Gen', 'gads_camp_003', 'leads', 'active', '2025-02-15', '2025-06-30'),
  ('f0000000-0000-0000-0000-000000000005', 'e0000000-0000-0000-0000-000000000004', 'a0000000-0000-0000-0000-000000000002', 'b0000000-0000-0000-0000-000000000003', 'd0000000-0000-0000-0000-000000000003', 'Globex Summer Promo', 'meta_camp_002', 'awareness', 'paused', '2025-06-01', '2025-08-31'),
  ('f0000000-0000-0000-0000-000000000006', 'e0000000-0000-0000-0000-000000000004', 'a0000000-0000-0000-0000-000000000002', 'b0000000-0000-0000-0000-000000000003', 'd0000000-0000-0000-0000-000000000003', 'Globex Retargeting', 'meta_camp_003', 'conversions', 'active', '2025-03-01', null);

-- Campaign Metrics (30 days of sample data for multiple campaigns)
insert into public.campaign_metrics (campaign_id, date, spend, impressions, clicks, leads, conversions, revenue, cpa, roas) values
  -- Brand Awareness Q1
  ('f0000000-0000-0000-0000-000000000001', '2025-03-01', 150.00, 12000, 320, 15, 3, 450.00, 50.00, 3.00),
  ('f0000000-0000-0000-0000-000000000001', '2025-03-02', 145.50, 11500, 295, 12, 4, 520.00, 36.38, 3.57),
  ('f0000000-0000-0000-0000-000000000001', '2025-03-03', 160.00, 13200, 340, 18, 5, 600.00, 32.00, 3.75),
  ('f0000000-0000-0000-0000-000000000001', '2025-03-04', 138.75, 10800, 280, 10, 2, 300.00, 69.38, 2.16),
  ('f0000000-0000-0000-0000-000000000001', '2025-03-05', 155.20, 12500, 330, 16, 4, 480.00, 38.80, 3.09),
  ('f0000000-0000-0000-0000-000000000001', '2025-03-06', 142.00, 11000, 300, 14, 3, 420.00, 47.33, 2.96),
  ('f0000000-0000-0000-0000-000000000001', '2025-03-07', 165.50, 14000, 380, 20, 6, 750.00, 27.58, 4.53),
  ('f0000000-0000-0000-0000-000000000001', '2025-03-08', 148.00, 11800, 310, 13, 3, 390.00, 49.33, 2.64),
  ('f0000000-0000-0000-0000-000000000001', '2025-03-09', 152.30, 12200, 325, 15, 4, 500.00, 38.08, 3.28),
  ('f0000000-0000-0000-0000-000000000001', '2025-03-10', 170.00, 15000, 400, 22, 7, 840.00, 24.29, 4.94),
  -- Product Launch Search
  ('f0000000-0000-0000-0000-000000000002', '2025-03-01', 250.00, 8000, 520, 25, 10, 1500.00, 25.00, 6.00),
  ('f0000000-0000-0000-0000-000000000002', '2025-03-02', 245.00, 7800, 505, 22, 9, 1350.00, 27.22, 5.51),
  ('f0000000-0000-0000-0000-000000000002', '2025-03-03', 260.00, 8500, 550, 28, 12, 1800.00, 21.67, 6.92),
  ('f0000000-0000-0000-0000-000000000002', '2025-03-04', 235.00, 7500, 490, 20, 8, 1200.00, 29.38, 5.11),
  ('f0000000-0000-0000-0000-000000000002', '2025-03-05', 270.00, 8800, 570, 30, 13, 1950.00, 20.77, 7.22),
  ('f0000000-0000-0000-0000-000000000002', '2025-03-06', 255.00, 8200, 535, 24, 11, 1650.00, 23.18, 6.47),
  ('f0000000-0000-0000-0000-000000000002', '2025-03-07', 280.00, 9200, 600, 32, 14, 2100.00, 20.00, 7.50),
  ('f0000000-0000-0000-0000-000000000002', '2025-03-08', 240.00, 7600, 500, 21, 9, 1350.00, 26.67, 5.63),
  ('f0000000-0000-0000-0000-000000000002', '2025-03-09', 265.00, 8600, 560, 27, 12, 1800.00, 22.08, 6.79),
  ('f0000000-0000-0000-0000-000000000002', '2025-03-10', 290.00, 9500, 620, 34, 15, 2250.00, 19.33, 7.76),
  -- Retargeting - Meta
  ('f0000000-0000-0000-0000-000000000003', '2025-03-01', 180.00, 25000, 450, 8, 5, 700.00, 36.00, 3.89),
  ('f0000000-0000-0000-0000-000000000003', '2025-03-02', 175.00, 24000, 430, 7, 4, 560.00, 43.75, 3.20),
  ('f0000000-0000-0000-0000-000000000003', '2025-03-03', 190.00, 27000, 480, 10, 6, 840.00, 31.67, 4.42),
  ('f0000000-0000-0000-0000-000000000003', '2025-03-04', 170.00, 23000, 415, 6, 3, 420.00, 56.67, 2.47),
  ('f0000000-0000-0000-0000-000000000003', '2025-03-05', 185.00, 26000, 465, 9, 5, 700.00, 37.00, 3.78),
  -- Wholesale Leads Gen
  ('f0000000-0000-0000-0000-000000000004', '2025-03-01', 120.00, 5000, 200, 35, 8, 960.00, 15.00, 8.00),
  ('f0000000-0000-0000-0000-000000000004', '2025-03-02', 115.00, 4800, 190, 30, 7, 840.00, 16.43, 7.30),
  ('f0000000-0000-0000-0000-000000000004', '2025-03-03', 125.00, 5200, 210, 38, 9, 1080.00, 13.89, 8.64),
  ('f0000000-0000-0000-0000-000000000004', '2025-03-04', 110.00, 4600, 185, 28, 6, 720.00, 18.33, 6.55),
  ('f0000000-0000-0000-0000-000000000004', '2025-03-05', 130.00, 5400, 220, 40, 10, 1200.00, 13.00, 9.23),
  -- Globex Retargeting
  ('f0000000-0000-0000-0000-000000000006', '2025-03-01', 200.00, 30000, 600, 12, 7, 1050.00, 28.57, 5.25),
  ('f0000000-0000-0000-0000-000000000006', '2025-03-02', 195.00, 28000, 580, 10, 6, 900.00, 32.50, 4.62),
  ('f0000000-0000-0000-0000-000000000006', '2025-03-03', 210.00, 32000, 640, 14, 8, 1200.00, 26.25, 5.71),
  ('f0000000-0000-0000-0000-000000000006', '2025-03-04', 188.00, 27000, 560, 9, 5, 750.00, 37.60, 3.99),
  ('f0000000-0000-0000-0000-000000000006', '2025-03-05', 215.00, 33000, 660, 15, 9, 1350.00, 23.89, 6.28);

-- Budget Rules
insert into public.budget_rules (organization_id, business_unit_id, department_id, channel_id, ad_account_id, campaign_id, name, description, metric_type, operator, threshold_value, action_type, action_value, max_daily_change_pct, is_active) values
  ('a0000000-0000-0000-0000-000000000001', null, null, null, null, null, 'Org-wide spend cap', 'Alert when total org daily spend exceeds threshold', 'spend', '>', 2000.00, 'alert', null, null, true),
  ('a0000000-0000-0000-0000-000000000001', null, null, null, null, 'f0000000-0000-0000-0000-000000000002', 'Product Launch CPA guard', 'Pause campaign if CPA exceeds target', 'cpa', '>', 30.00, 'pause', null, null, true),
  ('a0000000-0000-0000-0000-000000000001', 'b0000000-0000-0000-0000-000000000001', null, null, null, null, 'Retail ROAS minimum', 'Notify when ROAS drops below threshold for Retail', 'roas', '<', 3.00, 'notify', 'ops-team@example.com', null, true),
  ('a0000000-0000-0000-0000-000000000002', null, null, 'c0000000-0000-0000-0000-000000000002', null, null, 'Globex Meta spend limit', 'Decrease budget if Meta spend exceeds daily limit', 'spend', '>', 500.00, 'decrease_budget', '10', 15.00, false);
